{
  "candidates": [
    {
      "arm_id": "A1_tagged_commit",
      "candidate_edges": 8,
      "candidate_id": "f0c33d8efbfb621334ba3492d946d17a792ff086a023bbbd1301796efd99121a",
      "candidate_l1": 0.004999999999999949,
      "candidate_max_abs_log_delta": 0.0009922900681071378,
      "episode_index": 2,
      "fresh_queries": 38,
      "max_abs_score_delta": 1.8329849953646615e-05,
      "max_delta_to_boundary_gap": 0.05254529286110578,
      "min_rank10_11_gap": 4.598474237327288e-05,
      "queries_with_any_score_change": 2,
      "queries_with_top10_membership_change": 0,
      "queries_with_top10_order_change": 0,
      "queries_with_touched_selected_path": 2
    },
    {
      "arm_id": "A1_tagged_commit",
      "candidate_edges": 6,
      "candidate_id": "afa29c80c04b45a0fb7b68163c4ce3fd1b215d57bacd9b6202f8f81c88858e9e",
      "candidate_l1": 0.0037499999999999756,
      "candidate_max_abs_log_delta": 0.0009391863181527627,
      "episode_index": 3,
      "fresh_queries": 38,
      "max_abs_score_delta": 3.235855457806025e-05,
      "max_delta_to_boundary_gap": 0.006163624891630012,
      "min_rank10_11_gap": 3.314730707526525e-05,
      "queries_with_any_score_change": 2,
      "queries_with_top10_membership_change": 0,
      "queries_with_top10_order_change": 0,
      "queries_with_touched_selected_path": 2
    },
    {
      "arm_id": "A1_tagged_commit",
      "candidate_edges": 11,
      "candidate_id": "aff1733e653ba0ace5f8444c7d78aac4a74bb7513bfbec75e9e73b68402c6344",
      "candidate_l1": 0.0012499999999998623,
      "candidate_max_abs_log_delta": 0.0003430856280589589,
      "episode_index": 4,
      "fresh_queries": 38,
      "max_abs_score_delta": 4.9301510332000476e-06,
      "max_delta_to_boundary_gap": 0.008771846834872454,
      "min_rank10_11_gap": 4.70588574230657e-06,
      "queries_with_any_score_change": 2,
      "queries_with_top10_membership_change": 0,
      "queries_with_top10_order_change": 0,
      "queries_with_touched_selected_path": 2
    },
    {
      "arm_id": "A1_tagged_commit",
      "candidate_edges": 6,
      "candidate_id": "0a5d698b741b63529311c4c318782ce49017d34ef4492effecbc5888a45ab41a",
      "candidate_l1": 0.0003124999999999656,
      "candidate_max_abs_log_delta": 9.109033440282688e-05,
      "episode_index": 5,
      "fresh_queries": 38,
      "max_abs_score_delta": 1.971857624627482e-06,
      "max_delta_to_boundary_gap": 0.0011160149714991114,
      "min_rank10_11_gap": 5.614875021042742e-05,
      "queries_with_any_score_change": 1,
      "queries_with_top10_membership_change": 0,
      "queries_with_top10_order_change": 0,
      "queries_with_touched_selected_path": 1
    },
    {
      "arm_id": "A3_shuffled_M",
      "candidate_edges": 14,
      "candidate_id": "a42a950d4d6c2f5bf103857fcee6dab3b80bb40189609b330c8d1ea4b08c1f60",
      "candidate_l1": 0.00031249999999999334,
      "candidate_max_abs_log_delta": 4.2276274380220746e-05,
      "episode_index": 1,
      "fresh_queries": 38,
      "max_abs_score_delta": 4.479410647961757e-07,
      "max_delta_to_boundary_gap": 0.000998732487348656,
      "min_rank10_11_gap": 2.7600935623206535e-05,
      "queries_with_any_score_change": 2,
      "queries_with_top10_membership_change": 0,
      "queries_with_top10_order_change": 0,
      "queries_with_touched_selected_path": 2
    },
    {
      "arm_id": "A3_shuffled_M",
      "candidate_edges": 8,
      "candidate_id": "b521398333af00fea6fea078f6d135783571a99151e73b3bb2d4af36db756081",
      "candidate_l1": 0.0037499999999999756,
      "candidate_max_abs_log_delta": 0.0007442175510803395,
      "episode_index": 2,
      "fresh_queries": 38,
      "max_abs_score_delta": 1.3748612903929924e-05,
      "max_delta_to_boundary_gap": 0.03941054465405954,
      "min_rank10_11_gap": 4.598474237327288e-05,
      "queries_with_any_score_change": 2,
      "queries_with_top10_membership_change": 0,
      "queries_with_top10_order_change": 0,
      "queries_with_touched_selected_path": 2
    },
    {
      "arm_id": "A3_shuffled_M",
      "candidate_edges": 6,
      "candidate_id": "5ebd1bcb972fdc332c92cbe331579142992c25e3524bb04a64ce1c5bc880ee43",
      "candidate_l1": 0.0012500000000000289,
      "candidate_max_abs_log_delta": 0.0003130621060509209,
      "episode_index": 3,
      "fresh_queries": 38,
      "max_abs_score_delta": 1.0789561781243684e-05,
      "max_delta_to_boundary_gap": 0.0020551848632245047,
      "min_rank10_11_gap": 3.314730707526525e-05,
      "queries_with_any_score_change": 2,
      "queries_with_top10_membership_change": 0,
      "queries_with_top10_order_change": 0,
      "queries_with_touched_selected_path": 2
    },
    {
      "arm_id": "A3_shuffled_M",
      "candidate_edges": 6,
      "candidate_id": "115a70bbcc19ffa4f469f79677093d0f1ac091840c2504c03cb9af3feee8b073",
      "candidate_l1": 0.004999999999999949,
      "candidate_max_abs_log_delta": 0.0014574453504453966,
      "episode_index": 5,
      "fresh_queries": 38,
      "max_abs_score_delta": 3.1525306292690125e-05,
      "max_delta_to_boundary_gap": 0.017842420955916604,
      "min_rank10_11_gap": 5.614875021042742e-05,
      "queries_with_any_score_change": 1,
      "queries_with_top10_membership_change": 0,
      "queries_with_top10_order_change": 0,
      "queries_with_touched_selected_path": 1
    },
    {
      "arm_id": "A4_uniform_commit",
      "candidate_edges": 8,
      "candidate_id": "748e9d978281ca362a9e3d2061899e52eb2cd2cb355a404f1711f59ca7fc8bce",
      "candidate_l1": 0.004999999999999893,
      "candidate_max_abs_log_delta": 0.0006249999999999867,
      "episode_index": 2,
      "fresh_queries": 38,
      "max_abs_score_delta": 1.6064633882373336e-05,
      "max_delta_to_boundary_gap": 0.10269710791092374,
      "min_rank10_11_gap": 4.598474237327288e-05,
      "queries_with_any_score_change": 2,
      "queries_with_top10_membership_change": 0,
      "queries_with_top10_order_change": 0,
      "queries_with_touched_selected_path": 2
    },
    {
      "arm_id": "A4_uniform_commit",
      "candidate_edges": 6,
      "candidate_id": "cc580bb89676664051dd09511c284bedb7fd90f30dc15e060fb7012a5939ad99",
      "candidate_l1": 0.00374999999999992,
      "candidate_max_abs_log_delta": 0.0006249999999999867,
      "episode_index": 3,
      "fresh_queries": 38,
      "max_abs_score_delta": 2.1537018931150342e-05,
      "max_delta_to_boundary_gap": 0.0041023496786704305,
      "min_rank10_11_gap": 3.314730707526525e-05,
      "queries_with_any_score_change": 2,
      "queries_with_top10_membership_change": 0,
      "queries_with_top10_order_change": 0,
      "queries_with_touched_selected_path": 2
    },
    {
      "arm_id": "A4_uniform_commit",
      "candidate_edges": 11,
      "candidate_id": "58bfe8528c4493c250c34b6c6fc6e2f41527a02b248a4df7cac9a4c16c0bcabc",
      "candidate_l1": 0.0012500000000000844,
      "candidate_max_abs_log_delta": 0.00011363636363637131,
      "episode_index": 4,
      "fresh_queries": 38,
      "max_abs_score_delta": 3.2027262068523576e-06,
      "max_delta_to_boundary_gap": 0.005698369796656282,
      "min_rank10_11_gap": 4.70588574230657e-06,
      "queries_with_any_score_change": 2,
      "queries_with_top10_membership_change": 0,
      "queries_with_top10_order_change": 0,
      "queries_with_touched_selected_path": 2
    },
    {
      "arm_id": "A4_uniform_commit",
      "candidate_edges": 6,
      "candidate_id": "e3894270bdddf9f92a34725ef6acff50c0e82f99fe141cee7d69729ed931f88f",
      "candidate_l1": 0.00031250000000004885,
      "candidate_max_abs_log_delta": 5.2083333333341475e-05,
      "episode_index": 5,
      "fresh_queries": 38,
      "max_abs_score_delta": 1.127440310666472e-06,
      "max_delta_to_boundary_gap": 0.0006380989430781522,
      "min_rank10_11_gap": 5.614875021042742e-05,
      "queries_with_any_score_change": 1,
      "queries_with_top10_membership_change": 0,
      "queries_with_top10_order_change": 0,